"controle","pages_etats","methode","resultat","preuve","anomalie","correction","date","auditeur"
"clavier_accueil","Accueil et import","Parcours Tab et activation clavier dans Chrome système","CONFORME","captures/accessibilite-2026-07-21/02-focus-lien-evitement.png ; accessibility.spec.ts","","","2026-07-21","Codex"
"focus_visible","Accueil, dialogues et replay","Observation du focus et assertions focus initial/restitué dans Chrome système","CONFORME","capture 02-focus-lien-evitement.png ; scénarios Playwright dialogues et commandes","","","2026-07-21","Codex"
"dialogues_retour_focus","Renommage et suppression","Ouverture clavier, Échap, contrôle du focus initial et restitué","CONFORME","desktop/tests-e2e/accessibility.spec.ts — scénario erreurs et dialogues","","","2026-07-21","Codex"
"commandes_replay_clavier","Replay seedé","Entrée et Espace sur lecture, vitesse, couche, zoom, mode et annulation","CONFORME","desktop/tests-e2e/accessibility.spec.ts — scénario commandes replay","","","2026-07-21","Codex"
"zoom_200","Accueil, bibliothèque et replay","Zoom navigateur réel à 200 % et contrôle visuel","NON DÉMONTRÉ","Deux tentatives Chrome système le 2026-07-21 : remise à 100 % puis cinq activations du bouton d'augmentation ; le pourcentage n'était pas exposé et, dans les deux cas, le menu a laissé l'outil sans capture ni arbre de page exploitable, y compris après réinitialisation ; aucune conclusion fiable","","","2026-07-21","Codex"
"zoom_400","Accueil, bibliothèque et replay","Zoom navigateur réel à 400 % et contrôle visuel","NON DÉMONTRÉ","La tentative Chrome système n'a pas produit de niveau de zoom observable et vérifiable ; le parcours 400 % n'a donc pas été revendiqué","","","2026-07-21","Codex"
"defilement_horizontal","Accueil, bibliothèque et replay à 200 % et 400 %","Inspection du débordement et du défilement dans le navigateur","NON DÉMONTRÉ","Reflow 640/320 px automatisé vert ; l'absence de défilement horizontal sous zoom navigateur réel reste indémontrée faute de niveau de zoom vérifiable","","","2026-07-21","Codex"
"contraste_canvas","Joueurs, projectiles, fumée, feu, bombe et annotations","Mesure colorimétrique sur états réels du canvas","NON DÉMONTRÉ","axe-core n'analyse pas les pixels du canvas ; les couleurs et contours du renderer ont été inspectés dans le code, mais aucune mesure colorimétrique reproductible sur tous les états réels n'a été obtenue","","","2026-07-21","Codex"
"coherence_canvas_dom","Replay au début, après élimination et pendant état de bombe","Comparaison de l'état visuel et de l'alternative DOM synchronisée","CONFORME","desktop/tests-e2e/accessibility.spec.ts et ReplayAccessibilitySummary.tsx","","","2026-07-21","Codex"
