demo,compressedBytes,repetition,decompressionMs,wasmLoadMs,parsingMs,storageMs,totalImportMs,roundOpenMs,rendererJsHeapPeakBytes,rendererJsHeapIsCompleteProcessMemory,browserProcessRssPeakBytes,browserProcessRssIncludesChromiumDescendants,frameIntervalMedianMs,frameIntervalMinMs,frameIntervalMaxMs,frameIntervalP95Ms
dust1-13.dem.zst,135076363,1,516.8000000044703,13.899999998509884,17917.89999999851,1035.7999999970198,19627.09999999404,295,7219364,false,2398961664,true,8.299999999999272,7.399999999997817,9.299999999999272,9.200000000000728
dust1-13.dem.zst,135076363,2,425,10.199999995529652,15760.70000000298,857.3999999985099,17143.79999999702,198.29999999701977,30901528,false,2580889600,true,8.30000000000291,7.399999999997817,9.299999999999272,9.299999999999272
dust1-13.dem.zst,135076363,3,406.20000000298023,7.100000001490116,15616.39999999851,885.7999999970198,16998.89999999851,205.79999999701977,35993272,false,2969337856,true,8.299999999999272,7.299999999999272,9.400000000001455,9.299999999999272
ancient4-13.dem.zst,175843432,1,545.3999999985099,8.299999997019768,25200.70000000298,1085.3999999985099,26930.5,217.80000000447035,36721728,false,3106062336,true,8.30000000000291,7.299999999999272,9.30000000000291,9.200000000000728
ancient4-13.dem.zst,175843432,2,541.2999999970198,9.100000001490116,24700.39999999851,1011.5,26354.60000000149,215.59999999403954,44468280,false,3405561856,true,8.299999999999272,7.400000000001455,9.399999999997817,9.299999999999272
ancient4-13.dem.zst,175843432,3,515.7999999970198,8.700000002980232,24247.10000000149,1003.2999999970198,25860.79999999702,224.79999999701977,41112284,false,3527393280,true,8.299999999999272,7.399999999997817,9.400000000001455,9.299999999999272
cache11-13.dem.zst,253484029,1,750.8999999985099,7.399999998509884,45161.19999999553,1737.6000000014901,47800.5,294,40118756,false,3080241152,true,8.30000000000291,7.30000000000291,9.400000000001455,9.30000000000291
cache11-13.dem.zst,253484029,2,765.9000000059605,9.5,46743.89999999851,2186.7999999970198,49846.79999999702,242.70000000298023,39373848,false,3099475968,true,8.30000000000291,7.400000000001455,9.30000000000291,9.299999999995634
cache11-13.dem.zst,253484029,3,819.6999999955297,8,46074.20000000298,1781.8999999985099,48832,263.1000000014901,45743616,false,3802120192,true,8.30000000000291,7.5,9.30000000000291,9.19999999999709
