demo,compressed_bytes,repetition,wall_ms,maximum_rss_bytes,input_bytes,decompressed_bytes,read_demo_ms,create_huffman_ms,parse_header_ms,parse_players_ms,parse_events_ms,sample_ticks_ms,parse_ticks_ms,group_ticks_ms,parse_teams_ms,parse_projectiles_ms,group_projectiles_ms,build_rounds_ms,write_output_ms,serialize_json_ms,raw_json_bytes,gz_flush_ms,gzip_finish_ms,fsync_ms,output_gzip_bytes,rounds,players,frames,frame_players,events,kills,bomb_events,effects,weapon_fires,projectile_frames,projectile_samples,tick_rows,c4_records,projectile_rows,raw_log
dust1-13.dem.zst,135076363,1,3569.506,1436811264,135076363,204283708,224,0,0,52,184,0,1841,38,174,416,16,342,209,201,154073038,0,0,11,13518614,14,10,67290,485810,127,104,9,232,1997,51555,130332,689720,57786,130376,native-raw/dust1-13.dem-run-1.txt
dust1-13.dem.zst,135076363,2,3676.378,1446821888,135076363,204283708,219,0,0,49,226,0,1902,42,175,403,16,342,232,207,154073038,0,0,6,13518614,14,10,67290,485810,127,104,9,232,1997,51555,130332,689720,57786,130376,native-raw/dust1-13.dem-run-2.txt
dust1-13.dem.zst,135076363,3,3603.499,1442594816,135076363,204283708,218,0,0,47,183,0,1898,41,172,404,15,340,217,208,154073038,0,0,6,13518614,14,10,67290,485810,127,104,9,232,1997,51555,130332,689720,57786,130376,native-raw/dust1-13.dem-run-3.txt
ancient4-13.dem.zst,175843432,1,5384.737,2155708416,175843432,269909358,304,0,0,61,220,0,3036,55,216,614,25,445,274,153,189605046,0,0,9,16125091,17,10,88709,591066,172,123,32,284,2779,64064,178219,936550,57167,178629,native-raw/ancient4-13.dem-run-1.txt
ancient4-13.dem.zst,175843432,2,5166.877,2260942848,175843432,269909358,290,0,0,60,222,1,2900,55,216,546,22,440,287,184,189605046,0,3,13,16125091,17,10,88709,591066,172,123,32,284,2779,64064,178219,936550,57167,178629,native-raw/ancient4-13.dem-run-2.txt
ancient4-13.dem.zst,175843432,3,5232.025,2235400192,175843432,269909358,289,0,0,63,218,1,2893,56,213,544,23,441,349,243,189605046,0,0,7,16125091,17,10,88709,591066,172,123,32,284,2779,64064,178219,936550,57167,178629,native-raw/ancient4-13.dem-run-3.txt
cache11-13.dem.zst,253484029,1,8847.733,2588983296,253484029,382190847,469,0,0,75,321,1,5360,88,317,769,34,847,380,214,296426019,0,0,9,23750853,24,10,134086,959645,224,175,25,392,3337,96711,245700,1358070,107982,245700,native-raw/cache11-13.dem-run-1.txt
cache11-13.dem.zst,253484029,2,8949.109,2971140096,253484029,382190847,409,0,0,71,327,1,5682,80,306,741,34,737,383,234,296426019,0,0,10,23750853,24,10,134086,959645,224,175,25,392,3337,96711,245700,1358070,107982,245700,native-raw/cache11-13.dem-run-2.txt
cache11-13.dem.zst,253484029,3,9176.472,2980134912,253484029,382190847,411,0,0,74,336,1,5723,89,340,804,31,780,403,236,296426019,0,0,13,23750853,24,10,134086,959645,224,175,25,392,3337,96711,245700,1358070,107982,245700,native-raw/cache11-13.dem-run-3.txt
